{
  "project_info": {
    "project_number": "908869044238",
    "firebase_url": "https://signupwith-84549.firebaseio.com",
    "project_id": "signupwith-84549",
    "storage_bucket": "signupwith-84549.appspot.com"
  },
  "client": [
    {
      "client_info": {
        "mobilesdk_app_id": "1:908869044238:android:7ced9938518a9d42",
        "android_client_info": {
          "package_name": "netscope.mango.educy"
        }
      },
      "oauth_client": [
        {
          "client_id": "908869044238-r3294b4chmpej0p5ajt265splguhjvqs.apps.googleusercontent.com",
          "client_type": 1,
          "android_info": {
            "package_name": "netscope.mango.educy",
            "certificate_hash": "6a35e3e303dfbc76d7827c6225f3b91efe66d446"
          }
        },
        {
          "client_id": "908869044238-352p0fcnrv186r27f4ad013usb5e4b7l.apps.googleusercontent.com",
          "client_type": 3
        }
      ],
      "api_key": [
        {
          "current_key": "AIzaSyDDSpzjxTlKKKLGN3-QGsAVv6x0zsIY274"
        }
      ],
      "services": {
        "analytics_service": {
          "status": 1
        },
        "appinvite_service": {
          "status": 2,
          "other_platform_oauth_client": [
            {
              "client_id": "908869044238-352p0fcnrv186r27f4ad013usb5e4b7l.apps.googleusercontent.com",
              "client_type": 3
            }
          ]
        },
        "ads_service": {
          "status": 2
        }
      }
    }
  ],
  "configuration_version": "1"
}